Firma,Email
AVL List GmbH,info@avl.com
Anton Paar GmbH,info@anton-paar.com
Netconomy GmbH,office@netconomy.net
Cloudflight Austria GmbH,at.office@cloudflight.io
Dynatrace Austria GmbH,office.graz@dynatrace.com
Fabasoft AG,office@fabasoft.com
Infineon Technologies Austria AG,office.graz@infineon.com
Knapp AG,marketing@knapp.com
Andritz AG,welcome@andritz.com
Energie Steiermark AG,service@e-steiermark.com
A1 Telekom Austria AG,konzernkommunikation@a1.group
Stadtwerke Weiz GmbH,office@stadtwerke-weiz.at
Joanneum Research GmbH,info@joanneum.at
Steiermärkische Sparkasse,info@steiermaerkische.at
GRAWE Versicherung AG,service@grawe.at
Raiffeisenbank Weiz eGen,info.38187@rb-38187.raiffeisen.at
Zotter Schokolade GmbH,schokolade@zotter.at
Porsche Informatik GmbH,info@porscheinformatik.com
ITG Informationstechnik Graz GmbH,itg@holding-graz.at
Medialine AG,sales.at@medialine.com
AT&S Austria Technologie & Systemtechnik AG,ir@ats.net
AVL DiTEST GmbH,office@avl-ditest.com
ACP IT Solutions GmbH,graz@acp.at
Anexia Internetdienstleistungs GmbH,office@anexia.com
Feistritzwerke STEWEAG GmbH,office@feistritzwerke.at
Energie Graz GmbH & Co KG,office@energie-graz.at
Styria Media Group AG,office@styria.com
Kleine Zeitung GmbH & Co KG,marketing@kleinezeitung.at
Antenne Steiermark GmbH,office@antenne.at
WKO Steiermark,office@wkstmk.at
SFG Steirische Wirtschaftsförderungsgesellschaft mbH,office@sfg.at
Silicon Alps Cluster GmbH,office@silicon-alps.at
Virtual Vehicle Research GmbH,office@v2c2.at
Pro2Future GmbH,office@pro2future.at
TU Graz,info@tugraz.at
FH JOANNEUM Gesellschaft mbH,office@fh-joanneum.at
Wirtschaftspark Weiz GmbH,office@wirtschaftspark-weiz.at
Weizer Energie-Innovations-Zentrum GmbH,info@weiz.at
Stadtgemeinde Weiz,stadtamt@weiz.gv.at
Hypo Steiermark,office@hypobank.at
Wüstenrot Versicherungs-AG,service@wuestenrot.at
Merkur Versicherung AG,service@merkur.at
ZKW Group GmbH,office@zkw-group.com
TDK Electronics Austria GmbH,austria@tdk-electronics.tdk.com
Saubermacher Dienstleistungs AG,office@saubermacher.at
Fill Gesellschaft m.b.H.,office@fill.co.at
STIWA Group,office@stiwa.com
Rosenbauer International AG,info@rosenbauer.com
FACC AG,info@facc.com
Plasser & Theurer GmbH,info@plassertheurer.com
Fritz Egger GmbH & Co OG,egger@egger.com
Julius Blum GmbH,info@blum.com
Fronius International GmbH,office@fronius.com
COPA-DATA GmbH,office@copadata.com
Engel Austria GmbH,office@engelglobal.com
Miba AG,office@miba.com
LISEC Austria GmbH,office@lisec.com
Greiner AG,office@greiner.com
FunderMax GmbH,office@fundermax.at
Haberkorn GmbH,office@haberkorn.com
Zumtobel Group AG,info@zumtobel.com
EVVA Sicherheitstechnologie GmbH,info@evva.at
Doka GmbH,info@doka.com
x-tention Informationstechnologie GmbH,office@x-tention.com
Catalysts GmbH,office@catalysts.eu
Gentics Software GmbH,office@gentics.com
Contrast Management-Consulting GmbH,office@contrast.at
s IT Solutions AT Spardat GmbH,info@s-itsolutions.at
Seven Summits GmbH,office@sevensummits.at
Infonova GmbH,office@infonova.at
Liwest Kabelmedien GmbH,info@liwest.at
BEKO Engineering & Informatik GmbH,office@beko.at
MAN Truck & Bus Österreich GmbH,info.austria@man.eu
Hasslacher Norica Timber GmbH,office@hasslacher.at
Rubner Gruppe GmbH,office@rubner.com
Knauf Österreich GmbH,info.at@knauf.com
Hilti Austria GmbH,info@hilti.at
Würth GmbH Österreich,info@wuerth.at
Liebherr-Werk Bischofshofen GmbH,lwb@liebherr.com
Software AG Austria GmbH,info.at@softwareag.com
Steirische Gas-Wärme GmbH,office@steirische-gas-waerme.at
Mariazellerbahn GmbH,office@mariazellerbahn.at
GKB Graz-Köflacher Bahn GmbH,office@gkb.at
Lannacher Heilmittel GmbH,info@lannacher.at
Research Center Pharmaceutical Engineering GmbH,office@rcpe.at
Montanuniversität Leoben,office@unileoben.ac.at
Kapsch Group AG,info@kapsch.net
Wirtschaftskammer Hartberg-Fürstenfeld,wk.hartberg-fuerstenfeld@wkstmk.at
Stahl Judenburg GmbH,info@stahl-judenburg.com
Smart Power GmbH,office@smart-power.at
Schwarzmüller GmbH,office@schwarzmueller.at
Wirtschaftspark Oststeiermark GmbH,info@wpos.at
Hasslacher Norica Timber GmbH,office@hasslacher.at
GreenTech Cluster Steiermark,office@greentech-cluster.at
Human.technology Styria GmbH,office@human.technology
Steiermärkische Krankenanstaltengesellschaft KAGes,presse@kages.at
