Firma,Formular_URL
IVM Technical Consultants,https://www.ivm.at/standorte-kontakt/
CGI IT Austria GmbH,https://www.cgi.com/de-at/kontakt-uns
Accenture Austria GmbH,https://www.accenture.com/at-de/about/contact-us
T-Systems Austria GmbH,https://www.t-systems.com/at/de/unternehmen/kontakt
NTS Netzwerk Telekom Service AG,https://www.nts.eu/de/kontakt/
Bechtle Oesterreich GmbH,https://www.bechtle.com/at/ueber-bechtle/kontakt
msg systems ag Austria,https://www.msg.group/at/kontakt
BearingPoint Austria GmbH,https://www.bearingpoint.com/de-at/ueber-uns/kontakt/
DXC Technology Austria GmbH,https://dxc.com/at/de/contact-us
ams-OSRAM AG,https://ams-osram.com/company/contact-us
NXP Semiconductors Austria,https://www.nxp.com/company/about-nxp/contact-nxp:CONTACT-NXP
Siemens Oesterreich AG,https://new.siemens.com/at/de/general/kontakt.html
Bosch Engineering GmbH,https://www.bosch.at/kontakt/
voestalpine Boehler Welding,https://www.voestalpine.com/group/de/kontakt/
Pankl Racing Systems AG,https://www.pankl.com/de/kontakt/
Sattler Group GmbH,https://www.sattler-group.com/de/kontakt/
TTTech Computertechnik AG,https://www.tttech.com/de/kontakt/
Frequentis AG,https://www.frequentis.com/de/kontakt/
Kapsch TrafficCom AG,https://www.kapsch.net/ktc/de/contact
Epiroc Austria GmbH,https://www.epiroc.com/de-at/contact-us
RHI Magnesita Austria GmbH,https://www.rhimagnesita.com/de/kontakt/
Holding Graz GmbH,https://www.holding-graz.at/de/kontakt/
Drei Austria GmbH,https://www.drei.at/de/hilfe/kontakt/
T-Mobile Austria GmbH,https://www.t-mobile.at/service/kontakt
Know-Center GmbH,https://www.know-center.at/kontakt/
Raiffeisen-Landesbank Steiermark,https://www.rlbstmk.at/kontakt
BKS Bank AG,https://www.bks.at/service/kontakt
Uniqa Versicherungen AG,https://www.uniqa.at/service/kontakt/
Allianz Elementar Vers.-AG,https://www.allianz.at/kontakt/
Deloitte Wirtschaftspruefer GmbH,https://www.deloitte.com/at/de/contacts.html
